{
    "Game Objects": {
        "Count": 3,
        "GameObject 1": {
            "Components": {
                "Transform": {
                    "Active": true,
                    "Parent UUID": 1897608415,
                    "Rotation": [
                        0.0,
                        0.0,
                        0.0,
                        1.0
                    ],
                    "Scale": [
                        1.0,
                        1.0,
                        1.0
                    ],
                    "Translation": [
                        0.0,
                        0.0,
                        0.0
                    ],
                    "UUID": 201497275
                }
            },
            "Name": "bakerhouse",
            "Parent UUID": 0,
            "UUID": 1897608415
        },
        "GameObject 2": {
            "Components": {
                "Material": {
                    "Active": true,
                    "Parent UUID": 1078600571,
                    "Resource UUID": 135404327,
                    "UUID": 1372277746
                },
                "Mesh": {
                    "Active": true,
                    "F_Normals on": false,
                    "Parent UUID": 1078600571,
                    "Resource UUID": 75249481,
                    "UUID": 2096466530,
                    "V_Normals on": false
                },
                "Transform": {
                    "Active": true,
                    "Parent UUID": 1078600571,
                    "Rotation": [
                        -0.7071068286895752,
                        0.0,
                        0.0,
                        0.7071067094802856
                    ],
                    "Scale": [
                        1.0,
                        1.0,
                        1.0
                    ],
                    "Translation": [
                        0.0,
                        0.0,
                        0.0
                    ],
                    "UUID": 42185295
                }
            },
            "Name": "Chimney",
            "Parent UUID": 1897608415,
            "UUID": 1078600571
        },
        "GameObject 3": {
            "Components": {
                "Material": {
                    "Active": true,
                    "Parent UUID": 1231501668,
                    "Resource UUID": 595061239,
                    "UUID": 1576421508
                },
                "Mesh": {
                    "Active": true,
                    "F_Normals on": false,
                    "Parent UUID": 1231501668,
                    "Resource UUID": 1842231802,
                    "UUID": 1651486142,
                    "V_Normals on": false
                },
                "Transform": {
                    "Active": true,
                    "Parent UUID": 1231501668,
                    "Rotation": [
                        -0.7071068286895752,
                        0.0,
                        0.0,
                        0.7071067094802856
                    ],
                    "Scale": [
                        1.0,
                        1.0,
                        1.0
                    ],
                    "Translation": [
                        0.0,
                        0.0,
                        0.0
                    ],
                    "UUID": 93021353
                }
            },
            "Name": "Baker_house",
            "Parent UUID": 1897608415,
            "UUID": 1231501668
        }
    },
    "Resources": {
        "Count": 13,
        "Resource 1": {
            "Exported file": "/library/textures/building 01_c.dds",
            "File": "/assets/textures/building 01_c.tga",
            "Height": 0,
            "Name": "building 01_c",
            "Texture": 0,
            "Type": "Texture",
            "UUID": 22347770,
            "Width": 0
        },
        "Resource 10": {
            "Exported file": "/library/textures/building_v01_c.dds",
            "File": "/assets/textures/building_v01_c.png",
            "Height": 0,
            "Name": "building_v01_c",
            "Texture": 0,
            "Type": "Texture",
            "UUID": 1678923384,
            "Width": 0
        },
        "Resource 11": {
            "Exported file": "/library/meshes/bakerhouse 1.mesh",
            "File": "/Assets/FBX/bakerhouse.fbx",
            "Name": "Baker_house",
            "Type": "Mesh",
            "UUID": 1842231802
        },
        "Resource 12": {
            "Exported file": "/library/textures/building_016_c.dds",
            "File": "/assets/textures/building_016_c.tga",
            "Height": 0,
            "Name": "building_016_c",
            "Texture": 0,
            "Type": "Texture",
            "UUID": 1871773105,
            "Width": 0
        },
        "Resource 13": {
            "Exported file": "/library/textures/building 06_ c.dds",
            "File": "/assets/textures/building 06_ c.tga",
            "Height": 0,
            "Name": "building 06_ c",
            "Texture": 0,
            "Type": "Texture",
            "UUID": 2126178519,
            "Width": 0
        },
        "Resource 2": {
            "Exported file": "/library/meshes/bakerhouse 0.mesh",
            "File": "/Assets/FBX/bakerhouse.fbx",
            "Name": "Chimney",
            "Type": "Mesh",
            "UUID": 75249481
        },
        "Resource 3": {
            "Exported file": "",
            "File": "/Assets/Textures/baker_house.png",
            "Height": 0,
            "Name": "baker_house",
            "Texture": 0,
            "Type": "Texture",
            "UUID": 135404327,
            "Width": 0
        },
        "Resource 4": {
            "Exported file": "/library/textures/baker_house.dds",
            "File": "/Assets/Textures/baker_house.png",
            "Height": 1024,
            "Name": "baker_house.dds",
            "Texture": 24,
            "Type": "Texture",
            "UUID": 595061239,
            "Width": 1024
        },
        "Resource 5": {
            "Exported file": "/library/textures/building03_c.dds",
            "File": "/assets/textures/building03_c.tga",
            "Height": 0,
            "Name": "building03_c",
            "Texture": 0,
            "Type": "Texture",
            "UUID": 626883589,
            "Width": 0
        },
        "Resource 6": {
            "Exported file": "/library/textures/building_v02_c.dds",
            "File": "/assets/textures/building_v02_c.png",
            "Height": 0,
            "Name": "building_v02_c",
            "Texture": 0,
            "Type": "Texture",
            "UUID": 790011254,
            "Width": 0
        },
        "Resource 7": {
            "Exported file": "/library/textures/building05 _c.dds",
            "File": "/assets/textures/building05 _c.tga",
            "Height": 0,
            "Name": "building05 _c",
            "Texture": 0,
            "Type": "Texture",
            "UUID": 952191788,
            "Width": 0
        },
        "Resource 8": {
            "Exported file": "/library/textures/building 06_ c .dds",
            "File": "/assets/textures/building 06_ c .tga",
            "Height": 0,
            "Name": "building 06_ c ",
            "Texture": 0,
            "Type": "Texture",
            "UUID": 1095934742,
            "Width": 0
        },
        "Resource 9": {
            "Exported file": "/library/textures/building_025_c.dds",
            "File": "/assets/textures/building_025_c.tga",
            "Height": 0,
            "Name": "building_025_c",
            "Texture": 0,
            "Type": "Texture",
            "UUID": 1112675951,
            "Width": 0
        }
    }
}
