{
    "Game Objects": {
        "Count": 3,
        "GameObject 1": {
            "Components": {
                "Transform": {
                    "Active": true,
                    "Parent UUID": 2128082531,
                    "Rotation": [
                        0.0,
                        0.0,
                        0.0,
                        1.0
                    ],
                    "Scale": [
                        1.0,
                        1.0,
                        1.0
                    ],
                    "Translation": [
                        0.0,
                        0.0,
                        0.0
                    ],
                    "UUID": 42116927
                }
            },
            "Name": "bakerhouse",
            "Parent UUID": 0,
            "UUID": 2128082531
        },
        "GameObject 2": {
            "Components": {
                "Material": {
                    "Active": true,
                    "Parent UUID": 907396512,
                    "Resource UUID": 400801675,
                    "UUID": 1054978189
                },
                "Mesh": {
                    "Active": true,
                    "F_Normals on": false,
                    "Parent UUID": 907396512,
                    "Resource UUID": 1312834154,
                    "UUID": 1958389704,
                    "V_Normals on": false
                },
                "Transform": {
                    "Active": true,
                    "Parent UUID": 907396512,
                    "Rotation": [
                        -0.7071068286895752,
                        0.0,
                        0.0,
                        0.7071067094802856
                    ],
                    "Scale": [
                        1.0,
                        1.0,
                        1.0
                    ],
                    "Translation": [
                        0.0,
                        0.0,
                        0.0
                    ],
                    "UUID": 1326118153
                }
            },
            "Name": "Chimney",
            "Parent UUID": 2128082531,
            "UUID": 907396512
        },
        "GameObject 3": {
            "Components": {
                "Material": {
                    "Active": true,
                    "Parent UUID": 1775135667,
                    "Resource UUID": 1492891582,
                    "UUID": 1860797624
                },
                "Mesh": {
                    "Active": true,
                    "F_Normals on": false,
                    "Parent UUID": 1775135667,
                    "Resource UUID": 1859694086,
                    "UUID": 543799269,
                    "V_Normals on": false
                },
                "Transform": {
                    "Active": true,
                    "Parent UUID": 1775135667,
                    "Rotation": [
                        -0.7071068286895752,
                        0.0,
                        0.0,
                        0.7071067094802856
                    ],
                    "Scale": [
                        1.0,
                        1.0,
                        1.0
                    ],
                    "Translation": [
                        0.0,
                        0.0,
                        0.0
                    ],
                    "UUID": 1183871004
                }
            },
            "Name": "Baker_house",
            "Parent UUID": 2128082531,
            "UUID": 1775135667
        }
    },
    "Resources": {
        "Count": 4,
        "Resource 1": {
            "Exported file": "/library/textures/baker_house.dds",
            "File": "/Assets/Textures/baker_house.png",
            "Height": 1024,
            "Name": "baker_house.dds",
            "Texture": 4,
            "Type": "Texture",
            "UUID": 400801675,
            "Width": 1024
        },
        "Resource 2": {
            "Exported file": "/library/meshes/bakerhouse 0.mesh",
            "File": "/Assets/FBX/bakerhouse.fbx",
            "Name": "Chimney",
            "Type": "Mesh",
            "UUID": 1312834154
        },
        "Resource 3": {
            "Exported file": "/library/textures/baker_house.dds",
            "File": "/Assets/Textures/baker_house.png",
            "Height": 1024,
            "Name": "baker_house.dds",
            "Texture": 8,
            "Type": "Texture",
            "UUID": 1492891582,
            "Width": 1024
        },
        "Resource 4": {
            "Exported file": "/library/meshes/bakerhouse 1.mesh",
            "File": "/Assets/FBX/bakerhouse.fbx",
            "Name": "Baker_house",
            "Type": "Mesh",
            "UUID": 1859694086
        }
    }
}
