{
    "Game Objects": {
        "Count": 3,
        "GameObject 1": {
            "Components": {
                "Transform": {
                    "Active": true,
                    "Parent UUID": 1032558292,
                    "Rotation": [
                        0.0,
                        0.0,
                        0.0,
                        1.0
                    ],
                    "Scale": [
                        1.0,
                        1.0,
                        1.0
                    ],
                    "Translation": [
                        0.0,
                        0.0,
                        0.0
                    ],
                    "UUID": 725764007
                }
            },
            "Name": "bakerhouse",
            "Parent UUID": 0,
            "UUID": 1032558292
        },
        "GameObject 2": {
            "Components": {
                "Material": {
                    "Active": true,
                    "Parent UUID": 273201084,
                    "Resource UUID": 514141681,
                    "UUID": 1280675194
                },
                "Mesh": {
                    "Active": true,
                    "F_Normals on": false,
                    "Parent UUID": 273201084,
                    "Resource UUID": 1079816214,
                    "UUID": 800544705,
                    "V_Normals on": false
                },
                "Transform": {
                    "Active": true,
                    "Parent UUID": 273201084,
                    "Rotation": [
                        -0.7071068286895752,
                        0.0,
                        0.0,
                        0.7071067094802856
                    ],
                    "Scale": [
                        1.0,
                        1.0,
                        1.0
                    ],
                    "Translation": [
                        0.0,
                        0.0,
                        0.0
                    ],
                    "UUID": 270007685
                }
            },
            "Name": "Chimney",
            "Parent UUID": 1032558292,
            "UUID": 273201084
        },
        "GameObject 3": {
            "Components": {
                "Material": {
                    "Active": true,
                    "Parent UUID": 924604365,
                    "Resource UUID": 1189570564,
                    "UUID": 1903267305
                },
                "Mesh": {
                    "Active": true,
                    "F_Normals on": false,
                    "Parent UUID": 924604365,
                    "Resource UUID": 135016511,
                    "UUID": 1385389689,
                    "V_Normals on": false
                },
                "Transform": {
                    "Active": true,
                    "Parent UUID": 924604365,
                    "Rotation": [
                        -0.7071068286895752,
                        0.0,
                        0.0,
                        0.7071067094802856
                    ],
                    "Scale": [
                        1.0,
                        1.0,
                        1.0
                    ],
                    "Translation": [
                        0.0,
                        0.0,
                        0.0
                    ],
                    "UUID": 1058176840
                }
            },
            "Name": "Baker_house",
            "Parent UUID": 1032558292,
            "UUID": 924604365
        }
    }
}
