{
    "Game Objects": {
        "Count": 3,
        "GameObject 1": {
            "Components": {
                "Transform": {
                    "Active": true,
                    "Parent UUID": 1501605460,
                    "Rotation": [
                        0.0,
                        0.0,
                        0.0,
                        1.0
                    ],
                    "Scale": [
                        1.0,
                        1.0,
                        1.0
                    ],
                    "Translation": [
                        0.0,
                        0.0,
                        0.0
                    ],
                    "UUID": 1622311053
                }
            },
            "Name": "bakerhouse",
            "Parent UUID": 0,
            "UUID": 1501605460
        },
        "GameObject 2": {
            "Components": {
                "Material": {
                    "Active": true,
                    "Parent UUID": 15406948,
                    "Resource UUID": 1447136136,
                    "UUID": 309276198
                },
                "Mesh": {
                    "Active": true,
                    "F_Normals on": false,
                    "Parent UUID": 15406948,
                    "Resource UUID": 1914712107,
                    "UUID": 1869625451,
                    "V_Normals on": false
                },
                "Transform": {
                    "Active": true,
                    "Parent UUID": 15406948,
                    "Rotation": [
                        -0.7071068286895752,
                        0.0,
                        0.0,
                        0.7071067094802856
                    ],
                    "Scale": [
                        1.0,
                        1.0,
                        1.0
                    ],
                    "Translation": [
                        0.0,
                        0.0,
                        0.0
                    ],
                    "UUID": 1052786855
                }
            },
            "Name": "Chimney",
            "Parent UUID": 1501605460,
            "UUID": 15406948
        },
        "GameObject 3": {
            "Components": {
                "Material": {
                    "Active": true,
                    "Parent UUID": 1271697569,
                    "Resource UUID": 968233729,
                    "UUID": 185795410
                },
                "Mesh": {
                    "Active": true,
                    "F_Normals on": false,
                    "Parent UUID": 1271697569,
                    "Resource UUID": 1847208088,
                    "UUID": 2036251026,
                    "V_Normals on": false
                },
                "Transform": {
                    "Active": true,
                    "Parent UUID": 1271697569,
                    "Rotation": [
                        -0.7071068286895752,
                        0.0,
                        0.0,
                        0.7071067094802856
                    ],
                    "Scale": [
                        1.0,
                        1.0,
                        1.0
                    ],
                    "Translation": [
                        0.0,
                        0.0,
                        0.0
                    ],
                    "UUID": 400652833
                }
            },
            "Name": "Baker_house",
            "Parent UUID": 1501605460,
            "UUID": 1271697569
        }
    },
    "Resources": {
        "Count": 4,
        "Resource 1": {
            "Exported file": "/library/textures/baker_house.dds",
            "File": "/Assets/Textures/baker_house.png",
            "Height": 1024,
            "Name": "baker_house",
            "Texture": 21,
            "Type": "Texture",
            "UUID": 968233729,
            "Width": 1024
        },
        "Resource 2": {
            "Exported file": "/library/textures/baker_house.dds",
            "File": "/Assets/Textures/baker_house.png",
            "Height": 1024,
            "Name": "baker_house",
            "Texture": 17,
            "Type": "Texture",
            "UUID": 1447136136,
            "Width": 1024
        },
        "Resource 3": {
            "Exported file": "/library/meshes/bakerhouse 1.mesh",
            "File": "/Assets/Models/bakerhouse.fbx",
            "Name": "Baker_house",
            "Type": "Mesh",
            "UUID": 1847208088
        },
        "Resource 4": {
            "Exported file": "/library/meshes/bakerhouse 0.mesh",
            "File": "/Assets/Models/bakerhouse.fbx",
            "Name": "Chimney",
            "Type": "Mesh",
            "UUID": 1914712107
        }
    }
}
