{
    "Game Objects": {
        "Count": 3,
        "GameObject 1": {
            "Components": {
                "Transform": {
                    "Active": true,
                    "Parent UUID": 783064168,
                    "Rotation": [
                        0.0,
                        0.0,
                        0.0,
                        1.0
                    ],
                    "Scale": [
                        1.0,
                        1.0,
                        1.0
                    ],
                    "Translation": [
                        0.0,
                        0.0,
                        0.0
                    ],
                    "UUID": 1690577586
                }
            },
            "Name": "bakerhouse",
            "Parent UUID": 0,
            "UUID": 783064168
        },
        "GameObject 2": {
            "Components": {
                "Material": {
                    "Active": true,
                    "Parent UUID": 418390130,
                    "Resource UUID": 290812732,
                    "UUID": 1029714273
                },
                "Mesh": {
                    "Active": true,
                    "F_Normals on": false,
                    "Parent UUID": 418390130,
                    "Resource UUID": 787004223,
                    "UUID": 197390656,
                    "V_Normals on": false
                },
                "Transform": {
                    "Active": true,
                    "Parent UUID": 418390130,
                    "Rotation": [
                        -0.7071068286895752,
                        0.0,
                        0.0,
                        0.7071067094802856
                    ],
                    "Scale": [
                        1.0,
                        1.0,
                        1.0
                    ],
                    "Translation": [
                        0.0,
                        0.0,
                        0.0
                    ],
                    "UUID": 271052822
                }
            },
            "Name": "Chimney",
            "Parent UUID": 783064168,
            "UUID": 418390130
        },
        "GameObject 3": {
            "Components": {
                "Material": {
                    "Active": true,
                    "Parent UUID": 1123239925,
                    "Resource UUID": 243634330,
                    "UUID": 521875863
                },
                "Mesh": {
                    "Active": true,
                    "F_Normals on": false,
                    "Parent UUID": 1123239925,
                    "Resource UUID": 1138262639,
                    "UUID": 1239844924,
                    "V_Normals on": false
                },
                "Transform": {
                    "Active": true,
                    "Parent UUID": 1123239925,
                    "Rotation": [
                        -0.7071068286895752,
                        0.0,
                        0.0,
                        0.7071067094802856
                    ],
                    "Scale": [
                        1.0,
                        1.0,
                        1.0
                    ],
                    "Translation": [
                        0.0,
                        0.0,
                        0.0
                    ],
                    "UUID": 469812920
                }
            },
            "Name": "Baker_house",
            "Parent UUID": 783064168,
            "UUID": 1123239925
        }
    },
    "Resources": {
        "Count": 4,
        "Resource 1": {
            "Exported file": "/library/textures/baker_house.dds",
            "File": "/Assets/Textures/baker_house.png",
            "Height": 1024,
            "Name": "baker_house.dds",
            "Texture": 8,
            "Type": "Texture",
            "UUID": 243634330,
            "Width": 1024
        },
        "Resource 2": {
            "Exported file": "/library/textures/baker_house.dds",
            "File": "/Assets/Textures/baker_house.png",
            "Height": 1024,
            "Name": "baker_house.dds",
            "Texture": 4,
            "Type": "Texture",
            "UUID": 290812732,
            "Width": 1024
        },
        "Resource 3": {
            "Exported file": "/library/meshes/bakerhouse 0.mesh",
            "File": "/Assets/FBX/bakerhouse.fbx",
            "Name": "Chimney",
            "Type": "Mesh",
            "UUID": 787004223
        },
        "Resource 4": {
            "Exported file": "/library/meshes/bakerhouse 1.mesh",
            "File": "/Assets/FBX/bakerhouse.fbx",
            "Name": "Baker_house",
            "Type": "Mesh",
            "UUID": 1138262639
        }
    }
}
