{
    "Game Objects": {
        "Count": 3,
        "GameObject 1": {
            "Components": {
                "Transform": {
                    "Active": true,
                    "Parent UUID": 2028463773,
                    "Rotation": [
                        0.0,
                        0.0,
                        0.0,
                        1.0
                    ],
                    "Scale": [
                        1.0,
                        1.0,
                        1.0
                    ],
                    "Translation": [
                        0.0,
                        0.0,
                        0.0
                    ],
                    "UUID": 856746019
                }
            },
            "Name": "bakerhouse",
            "Parent UUID": 0,
            "UUID": 2028463773
        },
        "GameObject 2": {
            "Components": {
                "Material": {
                    "Active": true,
                    "Parent UUID": 1156293374,
                    "Resource UUID": 84013616,
                    "UUID": 1795045961
                },
                "Mesh": {
                    "Active": true,
                    "F_Normals on": false,
                    "Parent UUID": 1156293374,
                    "Resource UUID": 471266154,
                    "UUID": 1513988755,
                    "V_Normals on": false
                },
                "Transform": {
                    "Active": true,
                    "Parent UUID": 1156293374,
                    "Rotation": [
                        -0.7071068286895752,
                        0.0,
                        0.0,
                        0.7071067094802856
                    ],
                    "Scale": [
                        1.0,
                        1.0,
                        1.0
                    ],
                    "Translation": [
                        0.0,
                        0.0,
                        0.0
                    ],
                    "UUID": 1728999812
                }
            },
            "Name": "Chimney",
            "Parent UUID": 2028463773,
            "UUID": 1156293374
        },
        "GameObject 3": {
            "Components": {
                "Material": {
                    "Active": true,
                    "Parent UUID": 765748768,
                    "Resource UUID": 1743514311,
                    "UUID": 1183653402
                },
                "Mesh": {
                    "Active": true,
                    "F_Normals on": false,
                    "Parent UUID": 765748768,
                    "Resource UUID": 539362867,
                    "UUID": 844183103,
                    "V_Normals on": false
                },
                "Transform": {
                    "Active": true,
                    "Parent UUID": 765748768,
                    "Rotation": [
                        -0.7071068286895752,
                        0.0,
                        0.0,
                        0.7071067094802856
                    ],
                    "Scale": [
                        1.0,
                        1.0,
                        1.0
                    ],
                    "Translation": [
                        0.0,
                        0.0,
                        0.0
                    ],
                    "UUID": 913440153
                }
            },
            "Name": "Baker_house",
            "Parent UUID": 2028463773,
            "UUID": 765748768
        }
    },
    "Resources": {
        "Count": 4,
        "Resource 1": {
            "Exported file": "/library/textures/baker_house.dds",
            "File": "/Assets/Textures/baker_house.png",
            "Height": 1024,
            "Name": "baker_house.dds",
            "Texture": 4,
            "Type": "Texture",
            "UUID": 84013616,
            "Width": 1024
        },
        "Resource 2": {
            "Exported file": "/library/meshes/bakerhouse 0.mesh",
            "File": "/Assets/FBX/bakerhouse.fbx",
            "Name": "Chimney",
            "Type": "Mesh",
            "UUID": 471266154
        },
        "Resource 3": {
            "Exported file": "/library/meshes/bakerhouse 1.mesh",
            "File": "/Assets/FBX/bakerhouse.fbx",
            "Name": "Baker_house",
            "Type": "Mesh",
            "UUID": 539362867
        },
        "Resource 4": {
            "Exported file": "/library/textures/baker_house.dds",
            "File": "/Assets/Textures/baker_house.png",
            "Height": 1024,
            "Name": "baker_house.dds",
            "Texture": 8,
            "Type": "Texture",
            "UUID": 1743514311,
            "Width": 1024
        }
    }
}
