{
    "Game Objects": {
        "Count": 3,
        "GameObject 1": {
            "Components": {
                "Transform": {
                    "Active": true,
                    "Parent UUID": 105589872,
                    "Rotation": [
                        0.0,
                        0.0,
                        0.0,
                        1.0
                    ],
                    "Scale": [
                        1.0,
                        1.0,
                        1.0
                    ],
                    "Translation": [
                        0.0,
                        0.0,
                        0.0
                    ],
                    "UUID": 435954831
                }
            },
            "Name": "bakerhouse",
            "Parent UUID": 0,
            "UUID": 105589872
        },
        "GameObject 2": {
            "Components": {
                "Material": {
                    "Active": true,
                    "Parent UUID": 1224906000,
                    "Resource UUID": 1577054926,
                    "UUID": 1521284139
                },
                "Mesh": {
                    "Active": true,
                    "F_Normals on": false,
                    "Parent UUID": 1224906000,
                    "Resource UUID": 76888944,
                    "UUID": 1744582877,
                    "V_Normals on": false
                },
                "Transform": {
                    "Active": true,
                    "Parent UUID": 1224906000,
                    "Rotation": [
                        -0.7071068286895752,
                        0.0,
                        0.0,
                        0.7071067094802856
                    ],
                    "Scale": [
                        1.0,
                        1.0,
                        1.0
                    ],
                    "Translation": [
                        0.0,
                        0.0,
                        0.0
                    ],
                    "UUID": 457519983
                }
            },
            "Name": "Chimney",
            "Parent UUID": 105589872,
            "UUID": 1224906000
        },
        "GameObject 3": {
            "Components": {
                "Material": {
                    "Active": true,
                    "Parent UUID": 1555921900,
                    "Resource UUID": 471177411,
                    "UUID": 1647703317
                },
                "Mesh": {
                    "Active": true,
                    "F_Normals on": false,
                    "Parent UUID": 1555921900,
                    "Resource UUID": 1439348284,
                    "UUID": 1029823306,
                    "V_Normals on": false
                },
                "Transform": {
                    "Active": true,
                    "Parent UUID": 1555921900,
                    "Rotation": [
                        -0.7071068286895752,
                        0.0,
                        0.0,
                        0.7071067094802856
                    ],
                    "Scale": [
                        1.0,
                        1.0,
                        1.0
                    ],
                    "Translation": [
                        0.0,
                        0.0,
                        0.0
                    ],
                    "UUID": 1468477926
                }
            },
            "Name": "Baker_house",
            "Parent UUID": 105589872,
            "UUID": 1555921900
        }
    },
    "Resources": {
        "Count": 4,
        "Resource 1": {
            "Exported file": "/library/meshes/bakerhouse 0.mesh",
            "File": "/Assets/FBX/bakerhouse.fbx",
            "Name": "Chimney",
            "Type": "Mesh",
            "UUID": 76888944
        },
        "Resource 2": {
            "Exported file": "/library/textures/baker_house.dds",
            "File": "/Assets/Textures/baker_house.png",
            "Height": 1024,
            "Name": "baker_house.dds",
            "Texture": 8,
            "Type": "Texture",
            "UUID": 471177411,
            "Width": 1024
        },
        "Resource 3": {
            "Exported file": "/library/meshes/bakerhouse 1.mesh",
            "File": "/Assets/FBX/bakerhouse.fbx",
            "Name": "Baker_house",
            "Type": "Mesh",
            "UUID": 1439348284
        },
        "Resource 4": {
            "Exported file": "/library/textures/baker_house.dds",
            "File": "/Assets/Textures/baker_house.png",
            "Height": 1024,
            "Name": "baker_house.dds",
            "Texture": 4,
            "Type": "Texture",
            "UUID": 1577054926,
            "Width": 1024
        }
    }
}
