{
    "Game Objects": {
        "Count": 4,
        "GameObject 1": {
            "Components": {
                "Transform": {
                    "Active": true,
                    "Parent UUID": 1166100167,
                    "Rotation": [
                        0.0,
                        0.0,
                        0.0,
                        1.0
                    ],
                    "Scale": [
                        1.0,
                        1.0,
                        1.0
                    ],
                    "Translation": [
                        0.0,
                        0.0,
                        0.0
                    ],
                    "UUID": 1587935519
                }
            },
            "Name": "cottage_fbx",
            "Parent UUID": 0,
            "UUID": 1166100167
        },
        "GameObject 2": {
            "Components": {
                "Material": {
                    "Active": true,
                    "Parent UUID": 1200620739,
                    "Resource UUID": 571280281,
                    "UUID": 675953059
                },
                "Mesh": {
                    "Active": true,
                    "F_Normals on": false,
                    "Parent UUID": 1200620739,
                    "Resource UUID": 787306431,
                    "UUID": 1707301061,
                    "V_Normals on": false
                },
                "Transform": {
                    "Active": true,
                    "Parent UUID": 1200620739,
                    "Rotation": [
                        0.025212429463863373,
                        0.7066572308540344,
                        0.7066570520401001,
                        -0.02521243505179882
                    ],
                    "Scale": [
                        1.0,
                        1.0,
                        1.0
                    ],
                    "Translation": [
                        -166.02523803710938,
                        365.640869140625,
                        2.4180448055267334
                    ],
                    "UUID": 1910477738
                }
            },
            "Name": "Cube",
            "Parent UUID": 1166100167,
            "UUID": 1200620739
        },
        "GameObject 3": {
            "Components": {
                "Transform": {
                    "Active": true,
                    "Parent UUID": 688426623,
                    "Rotation": [
                        0.16907575726509094,
                        0.7558803558349609,
                        -0.272171288728714,
                        0.570947527885437
                    ],
                    "Scale": [
                        1.0,
                        1.0,
                        1.0
                    ],
                    "Translation": [
                        407.6245422363281,
                        590.38623046875,
                        -100.54539489746094
                    ],
                    "UUID": 1409886137
                }
            },
            "Name": "Lamp",
            "Parent UUID": 1166100167,
            "UUID": 688426623
        },
        "GameObject 4": {
            "Components": {
                "Transform": {
                    "Active": true,
                    "Parent UUID": 500207001,
                    "Rotation": [
                        -0.21255727112293243,
                        0.9047970175743103,
                        -0.08438936620950699,
                        0.3592216670513153
                    ],
                    "Scale": [
                        1.0,
                        1.0,
                        1.0
                    ],
                    "Translation": [
                        748.1131591796875,
                        534.3665161132813,
                        650.7639770507813
                    ],
                    "UUID": 1316796869
                }
            },
            "Name": "Camera",
            "Parent UUID": 1166100167,
            "UUID": 500207001
        }
    },
    "Resources": {
        "Count": 15,
        "Resource 1": {
            "Exported file": "/library/textures/baker_house.dds",
            "File": "/assets/textures/baker_house.png",
            "Height": 1024,
            "Name": "baker_house",
            "Texture": 33,
            "Type": "Texture",
            "UUID": 310578173,
            "Width": 1024
        },
        "Resource 10": {
            "Exported file": "Model",
            "File": "/assets/models/cottage_fbx.fbx",
            "Name": "cottage_fbx",
            "Type": "Model",
            "UUID": 1452390231
        },
        "Resource 11": {
            "Exported file": "/library/textures/building 01_c.dds",
            "File": "/assets/textures/building 01_c.tga",
            "Height": 1024,
            "Name": "building 01_c",
            "Texture": 39,
            "Type": "Texture",
            "UUID": 1601570212,
            "Width": 1024
        },
        "Resource 12": {
            "Exported file": "/library/textures/building03_c.dds",
            "File": "/assets/textures/building03_c.tga",
            "Height": 1024,
            "Name": "building03_c",
            "Texture": 45,
            "Type": "Texture",
            "UUID": 1639404215,
            "Width": 1024
        },
        "Resource 13": {
            "Exported file": "/library/textures/building_025_c.dds",
            "File": "/assets/textures/building_025_c.tga",
            "Height": 256,
            "Name": "building_025_c",
            "Texture": 51,
            "Type": "Texture",
            "UUID": 1657422569,
            "Width": 256
        },
        "Resource 14": {
            "Exported file": "/library/textures/building_v01_c.dds",
            "File": "/assets/textures/building_v01_c.png",
            "Height": 512,
            "Name": "building_v01_c",
            "Texture": 35,
            "Type": "Texture",
            "UUID": 1897624437,
            "Width": 512
        },
        "Resource 15": {
            "Exported file": "/library/textures/building_016_c.dds",
            "File": "/assets/textures/building_016_c.tga",
            "Height": 256,
            "Name": "building_016_c",
            "Texture": 49,
            "Type": "Texture",
            "UUID": 1975421283,
            "Width": 256
        },
        "Resource 2": {
            "Exported file": "/library/textures/building05 _c.dds",
            "File": "/assets/textures/building05 _c.tga",
            "Height": 1024,
            "Name": "building05 _c",
            "Texture": 47,
            "Type": "Texture",
            "UUID": 352498112,
            "Width": 1024
        },
        "Resource 3": {
            "Exported file": "",
            "File": "/Assets/Textures/",
            "Height": 0,
            "Name": "",
            "Texture": 0,
            "Type": "Texture",
            "UUID": 571280281,
            "Width": 0
        },
        "Resource 4": {
            "Exported file": "/library/meshes/cottage_fbx 0.mesh",
            "File": "/Assets/Models/cottage_fbx.fbx",
            "Name": "Cube",
            "Type": "Mesh",
            "UUID": 787306431
        },
        "Resource 5": {
            "Exported file": "/library/meshes/cottage_fbx 0.mesh",
            "File": "/Assets/Models/cottage_fbx.fbx",
            "Name": "Cube",
            "Type": "Mesh",
            "UUID": 938377144
        },
        "Resource 6": {
            "Exported file": "",
            "File": "/Assets/Textures/",
            "Height": 0,
            "Name": "",
            "Texture": 0,
            "Type": "Texture",
            "UUID": 1210386316,
            "Width": 0
        },
        "Resource 7": {
            "Exported file": "/library/textures/building 06_ c .dds",
            "File": "/assets/textures/building 06_ c .tga",
            "Height": 1024,