{
    "Game Objects": {
        "Count": 3,
        "GameObject 1": {
            "Components": {
                "Transform": {
                    "Active": true,
                    "Parent UUID": 567669459,
                    "Rotation": [
                        0.0,
                        0.0,
                        0.0,
                        1.0
                    ],
                    "Scale": [
                        1.0,
                        1.0,
                        1.0
                    ],
                    "Translation": [
                        0.0,
                        0.0,
                        0.0
                    ],
                    "UUID": 1573849298
                }
            },
            "Name": "bakerhouse",
            "Parent UUID": 0,
            "UUID": 567669459
        },
        "GameObject 2": {
            "Components": {
                "Material": {
                    "Active": true,
                    "Parent UUID": 1903855177,
                    "Resource UUID": 784589424,
                    "UUID": 153158399
                },
                "Mesh": {
                    "Active": true,
                    "F_Normals on": false,
                    "Parent UUID": 1903855177,
                    "Resource UUID": 657048088,
                    "UUID": 506243212,
                    "V_Normals on": false
                },
                "Transform": {
                    "Active": true,
                    "Parent UUID": 1903855177,
                    "Rotation": [
                        -0.7071068286895752,
                        0.0,
                        0.0,
                        0.7071067094802856
                    ],
                    "Scale": [
                        1.0,
                        1.0,
                        1.0
                    ],
                    "Translation": [
                        0.0,
                        0.0,
                        0.0
                    ],
                    "UUID": 1315617783
                }
            },
            "Name": "Chimney",
            "Parent UUID": 567669459,
            "UUID": 1903855177
        },
        "GameObject 3": {
            "Components": {
                "Material": {
                    "Active": true,
                    "Parent UUID": 795769901,
                    "Resource UUID": 1254724266,
                    "UUID": 212573283
                },
                "Mesh": {
                    "Active": true,
                    "F_Normals on": false,
                    "Parent UUID": 795769901,
                    "Resource UUID": 667813750,
                    "UUID": 1965814167,
                    "V_Normals on": false
                },
                "Transform": {
                    "Active": true,
                    "Parent UUID": 795769901,
                    "Rotation": [
                        -0.7071068286895752,
                        0.0,
                        0.0,
                        0.7071067094802856
                    ],
                    "Scale": [
                        1.0,
                        1.0,
                        1.0
                    ],
                    "Translation": [
                        0.0,
                        0.0,
                        0.0
                    ],
                    "UUID": 1513152215
                }
            },
            "Name": "Baker_house",
            "Parent UUID": 567669459,
            "UUID": 795769901
        }
    },
    "Resources": {
        "Count": 5,
        "Resource 1": {
            "Exported file": "/library/meshes/bakerhouse 0.mesh",
            "File": "/Assets/FBX/bakerhouse.fbx",
            "Name": "Chimney",
            "Type": "Mesh",
            "UUID": 657048088
        },
        "Resource 2": {
            "Exported file": "/library/meshes/bakerhouse 1.mesh",
            "File": "/Assets/FBX/bakerhouse.fbx",
            "Name": "Baker_house",
            "Type": "Mesh",
            "UUID": 667813750
        },
        "Resource 3": {
            "Exported file": "/library/textures/baker_house.dds",
            "File": "/Assets/Textures/baker_house.png",
            "Height": 1024,
            "Name": "baker_house.dds",
            "Texture": 23,
            "Type": "Texture",
            "UUID": 784589424,
            "Width": 1024
        },
        "Resource 4": {
            "Exported file": "Model",
            "File": "/assets/fbx/bakerhouse.fbx",
            "Name": "bakerhouse",
            "Type": "Model",
            "UUID": 840131200
        },
        "Resource 5": {
            "Exported file": "/library/textures/baker_house.dds",
            "File": "/Assets/Textures/baker_house.png",
            "Height": 1024,
            "Name": "baker_house.dds",
            "Texture": 27,
            "Type": "Texture",
            "UUID": 1254724266,
            "Width": 1024
        }
    }
}
