{
    "Game Objects": {
        "Count": 3,
        "GameObject 1": {
            "Components": {
                "Transform": {
                    "Active": true,
                    "Parent UUID": 875221888,
                    "Rotation": [
                        0.0,
                        0.0,
                        0.0,
                        1.0
                    ],
                    "Scale": [
                        1.0,
                        1.0,
                        1.0
                    ],
                    "Translation": [
                        0.0,
                        0.0,
                        0.0
                    ],
                    "UUID": 1122064470
                }
            },
            "Name": "bakerhouse",
            "Parent UUID": 0,
            "UUID": 875221888
        },
        "GameObject 2": {
            "Components": {
                "Material": {
                    "Active": true,
                    "Parent UUID": 237838951,
                    "Resource UUID": 1324836548,
                    "UUID": 372044715
                },
                "Mesh": {
                    "Active": true,
                    "F_Normals on": false,
                    "Parent UUID": 237838951,
                    "Resource UUID": 1191591240,
                    "UUID": 2022669658,
                    "V_Normals on": false
                },
                "Transform": {
                    "Active": true,
                    "Parent UUID": 237838951,
                    "Rotation": [
                        -0.7071068286895752,
                        0.0,
                        0.0,
                        0.7071067094802856
                    ],
                    "Scale": [
                        1.0,
                        1.0,
                        1.0
                    ],
                    "Translation": [
                        0.0,
                        0.0,
                        0.0
                    ],
                    "UUID": 1486689201
                }
            },
            "Name": "Chimney",
            "Parent UUID": 875221888,
            "UUID": 237838951
        },
        "GameObject 3": {
            "Components": {
                "Material": {
                    "Active": true,
                    "Parent UUID": 332952783,
                    "Resource UUID": 453218098,
                    "UUID": 313765342
                },
                "Mesh": {
                    "Active": true,
                    "F_Normals on": false,
                    "Parent UUID": 332952783,
                    "Resource UUID": 1081542948,
                    "UUID": 519975487,
                    "V_Normals on": false
                },
                "Rigidbody": {
                    "Active": true,
                    "Parent UUID": 332952783,
                    "UUID": 523717147
                },
                "Transform": {
                    "Active": true,
                    "Parent UUID": 332952783,
                    "Rotation": [
                        -0.7071068286895752,
                        0.0,
                        0.0,
                        0.7071067094802856
                    ],
                    "Scale": [
                        1.0,
                        1.0,
                        1.0
                    ],
                    "Translation": [
                        0.0,
                        7.5,
                        0.0
                    ],
                    "UUID": 567219525
                }
            },
            "Name": "Baker_house",
            "Parent UUID": 875221888,
            "UUID": 332952783
        }
    }
}
